﻿pos_x,pos_y,rotation,side,designator,mpn,pack,footprint,value,mount_type
148.31,-69.75,90.0,top,LEDA1,,,LED_D3.0mm,LED_A,tht
153.78,-69.75,90.0,top,LEDB1,,,LED_D3.0mm,LED_B,tht
159.25,-69.75,90.0,top,LEDC1,,,LED_D3.0mm,LED_C,tht
133.0,-136.5,0.0,top,O1,,,PinHeader_1x03_P2.54mm_Vertical,S1,tht
163.0,-97.84,0.0,top,O10,,,PinHeader_1x05_P2.54mm_Vertical,UART5,tht
163.0,-80.5,0.0,top,O11,,,PinHeader_1x06_P2.54mm_Vertical,GPS - UART3,tht
163.0,-112.5,0.0,top,O12,,,PinHeader_1x05_P2.54mm_Vertical,I2C,tht
163.0,-127.5,0.0,top,O13,,,PinHeader_1x04_P2.54mm_Vertical,RCIN,tht
157.5,-138.96,0.0,top,O15,,,PinHeader_1x02_P2.54mm_Vertical,BUZZER,tht
120.0,-127.25,0.0,top,O16,,,PinHeader_1x04_P2.54mm_Vertical,POWER,tht
120.0,-110.92,0.0,top,O17,,,PinHeader_1x05_P2.54mm_Vertical,GPIOS,tht
136.34,-83.5,90.0,top,O18,,,PinHeader_1x05_P2.54mm_Vertical,USB_OUT,tht
136.5,-136.5,0.0,top,O2,,,PinHeader_1x03_P2.54mm_Vertical,S2,tht
140.0,-136.5,0.0,top,O3,,,PinHeader_1x03_P2.54mm_Vertical,S3,tht
143.5,-136.5,0.0,top,O4,,,PinHeader_1x03_P2.54mm_Vertical,S4,tht
147.0,-136.5,0.0,top,O5,,,PinHeader_1x03_P2.54mm_Vertical,S5,tht
150.5,-136.5,0.0,top,O6,,,PinHeader_1x03_P2.54mm_Vertical,S6,tht
120.25,-75.0,90.0,top,O7,,,PinHeader_1x04_P2.54mm_Vertical,CAN,tht
120.0,-80.5,0.0,top,O8,,,PinHeader_1x05_P2.54mm_Vertical,UART1,tht
120.0,-95.0,0.0,top,O9,,,PinHeader_1x05_P2.54mm_Vertical,UART4,tht
127.0,-84.0,0.0,top,P1,,,PinHeader_2x18_P2.54mm_Vertical,Conn_02x18_Odd_Even,tht
152.5,-84.0,0.0,top,P2,,,PinHeader_2x18_P2.54mm_Vertical,Conn_02x18_Odd_Even,tht
135.23,-125.11,0.0,top,Q1,,,TO-92_Inline,BC548,tht
141.21,-124.75,0.0,top,R1,,,R_Axial_DIN0204_L3.6mm_D1.6mm_P5.08mm_Horizontal,1K,tht
148.25,-73.25,-90.0,top,R2,,,R_Axial_DIN0204_L3.6mm_D1.6mm_P2.54mm_Vertical,1K,tht
153.75,-73.25,-90.0,top,R3,,,R_Axial_DIN0204_L3.6mm_D1.6mm_P2.54mm_Vertical,1K,tht
159.0,-73.25,-90.0,top,R4,,,R_Axial_DIN0204_L3.6mm_D1.6mm_P2.54mm_Vertical,1K,tht
135.0,-94.5,0.0,top,U1,,,PinHeader_1x08_P2.54mm_Vertical,GY-912,tht
