﻿Designator,Quantity,Value,Footprint,Package,MPN,DNP,Mount_Type,Description,Sim.Pins
LEDA1,1,LED_A,LED_D3.0mm,,,,tht,Light emitting diode,1=K 2=A
LEDB1,1,LED_B,LED_D3.0mm,,,,tht,Light emitting diode,1=K 2=A
LEDC1,1,LED_C,LED_D3.0mm,,,,tht,Light emitting diode,1=K 2=A
O1,1,S1,PinHeader_1x03_P2.54mm_Vertical,,,,tht,"Generic connector, single row, 01x03, script generated (kicad-library-utils/schlib/autogen/connector/)",
O10,1,UART5,PinHeader_1x05_P2.54mm_Vertical,,,,tht,"Generic connector, single row, 01x05, script generated (kicad-library-utils/schlib/autogen/connector/)",
O11,1,GPS - UART3,PinHeader_1x06_P2.54mm_Vertical,,,,tht,"Generic connector, single row, 01x06, script generated (kicad-library-utils/schlib/autogen/connector/)",
O12,1,I2C,PinHeader_1x05_P2.54mm_Vertical,,,,tht,"Generic connector, single row, 01x05, script generated (kicad-library-utils/schlib/autogen/connector/)",
O13,1,RCIN,PinHeader_1x04_P2.54mm_Vertical,,,,tht,"Generic connector, single row, 01x04, script generated (kicad-library-utils/schlib/autogen/connector/)",
O14,1,POWER ANALOG,PinHeader_1x04_P2.54mm_Vertical,,,,tht,"Generic connector, single row, 01x04, script generated (kicad-library-utils/schlib/autogen/connector/)",
O15,1,BUZZER,PinHeader_1x02_P2.54mm_Vertical,,,,tht,"Generic connector, single row, 01x02, script generated (kicad-library-utils/schlib/autogen/connector/)",
O16,1,POWER I2C,PinHeader_1x04_P2.54mm_Vertical,,,,tht,"Generic connector, single row, 01x04, script generated (kicad-library-utils/schlib/autogen/connector/)",
O17,1,GPIOS,PinHeader_1x05_P2.54mm_Vertical,,,,tht,"Generic connector, single row, 01x05, script generated (kicad-library-utils/schlib/autogen/connector/)",
O18,1,USB_OUT,PinHeader_1x05_P2.54mm_Vertical,,,,tht,"Generic connector, single row, 01x05, script generated (kicad-library-utils/schlib/autogen/connector/)",
O2,1,S2,PinHeader_1x03_P2.54mm_Vertical,,,,tht,"Generic connector, single row, 01x03, script generated (kicad-library-utils/schlib/autogen/connector/)",
O3,1,S3,PinHeader_1x03_P2.54mm_Vertical,,,,tht,"Generic connector, single row, 01x03, script generated (kicad-library-utils/schlib/autogen/connector/)",
O4,1,S4,PinHeader_1x03_P2.54mm_Vertical,,,,tht,"Generic connector, single row, 01x03, script generated (kicad-library-utils/schlib/autogen/connector/)",
O5,1,S5,PinHeader_1x03_P2.54mm_Vertical,,,,tht,"Generic connector, single row, 01x03, script generated (kicad-library-utils/schlib/autogen/connector/)",
O6,1,S6,PinHeader_1x03_P2.54mm_Vertical,,,,tht,"Generic connector, single row, 01x03, script generated (kicad-library-utils/schlib/autogen/connector/)",
O7,1,CAN,PinHeader_1x04_P2.54mm_Vertical,,,,tht,"Generic connector, single row, 01x04, script generated (kicad-library-utils/schlib/autogen/connector/)",
O8,1,UART1,PinHeader_1x05_P2.54mm_Vertical,,,,tht,"Generic connector, single row, 01x05, script generated (kicad-library-utils/schlib/autogen/connector/)",
O9,1,UART4,PinHeader_1x05_P2.54mm_Vertical,,,,tht,"Generic connector, single row, 01x05, script generated (kicad-library-utils/schlib/autogen/connector/)",
"P1, P2",2,Conn_02x18_Odd_Even,PinHeader_2x18_P2.54mm_Vertical,,,,tht,"Generic connector, double row, 02x18, odd/even pin numbering scheme (row 1 odd numbers, row 2 even numbers), script generated (kicad-library-utils/schlib/autogen/connector/)",
Q1,1,BC548,TO-92_Inline,,,,tht,"0.1A Ic, 30V Vce, Small Signal NPN Transistor, TO-92",
R1,1,1K,R_Axial_DIN0204_L3.6mm_D1.6mm_P5.08mm_Horizontal,,,,tht,"Resistor, US symbol",
"R2, R3, R4",3,1K,R_Axial_DIN0204_L3.6mm_D1.6mm_P2.54mm_Vertical,,,,tht,"Resistor, US symbol",
"R5, R6",2,10K,R_Axial_DIN0204_L3.6mm_D1.6mm_P5.08mm_Horizontal,,,,tht,"Resistor, US symbol",
"R7, R8",2,20K,R_Axial_DIN0204_L3.6mm_D1.6mm_P5.08mm_Horizontal,,,,tht,"Resistor, US symbol",
U1,1,GY-912,PinSocket_1x08_P2.54mm_Vertical,,,,tht,"Generic connector, single row, 01x08, script generated (kicad-library-utils/schlib/autogen/connector/)",
